{
    "normals":[0.187597,0.577354,0.794651,0.607065,0,0.794652,-0.491122,0.356829,0.794652,-0.491122,-0.356829,0.794652,0.187597,-0.577354,0.794651,0.982246,0,0.187597,0.303536,0.934171,0.187589,-0.794649,0.577359,0.187587,-0.794649,-0.577359,0.187587,0.303536,-0.934171,0.187589,0.794649,0.577359,-0.187587,-0.303536,0.934171,-0.187589,-0.982246,-0,-0.187597,-0.303536,-0.934171,-0.187589,0.794649,-0.577359,-0.187587,0.491122,0.356829,-0.794652,-0.187597,0.577354,-0.794651,-0.607065,-0,-0.794652,-0.187597,-0.577354,-0.794651,0.491122,-0.356829,-0.794652,-0.607065,-0,-0.794652,-0.982246,-0,-0.187597,-0.982246,-0,-0.187597,-0.794649,-0.577359,0.187587,-0.794649,0.577359,0.187587],
    "uvs":[],
    "faces":[32,0,1,2,0,0,0,32,1,0,5,1,1,1,32,0,2,3,2,2,2,32,0,3,4,3,3,3,32,0,4,5,4,4,4,32,1,5,10,5,5,5,32,2,1,6,6,6,6,32,3,2,12,7,7,7,32,8,4,13,8,8,8,32,5,4,9,9,9,9,32,1,10,6,10,10,10,32,2,6,7,11,11,11,32,3,12,13,12,12,12,32,4,8,9,13,13,13,32,5,9,10,14,14,14,32,6,10,11,15,15,15,32,7,6,11,16,16,16,32,14,7,11,17,17,17,32,9,8,11,18,18,18,32,10,9,11,19,19,19,32,8,14,11,20,20,20,32,13,14,8,21,21,21,32,13,12,14,12,12,12,32,12,7,14,22,22,22,32,4,3,13,23,23,23,32,2,7,12,24,24,24],
    "vertices":[0,-1,0,0.7236,-0.447215,0.52572,-0.276385,-0.447215,0.85064,-0.894425,-0.447215,0,-0.276385,-0.447215,-0.85064,0.7236,-0.447215,-0.52572,0.276385,0.447215,0.85064,-0.7236,0.447215,0.52572,-0.7236,0.447215,-0.52572,0.276385,0.447215,-0.85064,0.894425,0.447215,-0,0,1,-0,-0.809012,0,0.26286,-0.809012,-0,-0.26286,-0.7236,0.447215,-0],
    "name":"IcosphereGeometry",
    "metadata":{
        "normals":25,
        "uvs":0,
        "generator":"io_three",
        "faces":26,
        "vertices":15,
        "version":3,
        "type":"Geometry"
    }
}